{
  "g_loss": [
    5.844262100851444,
    4.843016604328399,
    3.9308540265235448,
    3.9097197362557625,
    3.9800862232151695,
    3.870141221712941,
    3.4812193927938675,
    3.2610175011136455,
    3.3907650317377445,
    3.322605303974579,
    3.216151106502394,
    3.1287136674619545,
    3.066969118802749,
    3.176498855192624,
    3.186925203406045,
    3.3058815298749664,
    3.1977772289301125,
    3.1894142723325496,
    3.128522971140035,
    3.0558724147660654,
    3.040493060142764,
    2.919343212128753,
    3.0119198984216395,
    2.928027765756316,
    2.9444625396317208,
    2.805960534326256,
    2.9611907287708026,
    2.899352956553707,
    2.8574878004048485,
    3.010637022497709
  ],
  "d_loss": [
    0.32267043717167415,
    0.31373603156079416,
    0.40255570251618505,
    0.3193645370585839,
    0.35156812293031026,
    0.3402063582292603,
    0.3726114483974169,
    0.46765962525097,
    0.43408205739372524,
    0.4379255911692634,
    0.489348772617862,
    0.47729060240566273,
    0.3936065572416386,
    0.46986770919521753,
    0.4425133996454956,
    0.4208985693428827,
    0.4211410915150362,
    0.34500939536201375,
    0.5191320959107041,
    0.3680185088149422,
    0.42140418521659756,
    0.520312010174822,
    0.45541453611134264,
    0.4161457973901573,
    0.5358146527386687,
    0.4242598538279838,
    0.4504089415683161,
    0.4362895346587271,
    0.4485536043906151,
    0.36026181806536284
  ],
  "d_x": [
    0.8924423137970288,
    0.8882532806500144,
    0.8617517066276287,
    0.8890434945254679,
    0.8969092888905265,
    0.8862554918393455,
    0.8698320243498097,
    0.8473824332361026,
    0.8485585694270366,
    0.8475058714066015,
    0.8379499118041505,
    0.8390934463123532,
    0.8570987316624968,
    0.8472885256799896,
    0.857070752097975,
    0.860074357894223,
    0.8601593143018462,
    0.8754866917801025,
    0.8426679098547515,
    0.8657148324734415,
    0.8561885577943319,
    0.8358415733841832,
    0.8528052180471932,
    0.8516267198507134,
    0.8393692692891811,
    0.8453369237806486,
    0.841181504337684,
    0.8479670966067887,
    0.8444009047582783,
    0.8665988599629049
  ],
  "d_g_z": [
    0.020379806701301212,
    0.029929188717182455,
    0.0680938563227732,
    0.059306684969876754,
    0.06525531338060611,
    0.06487024598352066,
    0.08379761896529675,
    0.09899891344228964,
    0.08999049013999798,
    0.09452689745162121,
    0.10214183724138771,
    0.10990291914147565,
    0.10245823256111385,
    0.10631628982086197,
    0.10331907544633114,
    0.09332457642533037,
    0.10058028475002415,
    0.09144570381806978,
    0.11750979248635446,
    0.1041619631661581,
    0.11329212992632513,
    0.13059200303163976,
    0.1184786986333349,
    0.11652186434969658,
    0.1311133144058414,
    0.12467636817130152,
    0.12551186307448933,
    0.12508939771705765,
    0.13289243084750116,
    0.10938746943924567
  ],
  "time": [
    6.925041437149048,
    6.780169486999512,
    6.773545503616333,
    6.738515853881836,
    6.771715402603149,
    6.77114462852478,
    6.7938573360443115,
    6.770599603652954,
    6.76951789855957,
    6.750610113143921,
    6.77245831489563,
    6.7886435985565186,
    6.768654108047485,
    6.779338598251343,
    6.757357835769653,
    6.794093370437622,
    6.780622959136963,
    6.811574697494507,
    6.767773628234863,
    6.794983863830566,
    6.813335180282593,
    6.794792175292969,
    6.816254615783691,
    6.814870357513428,
    6.809169054031372,
    6.792086839675903,
    6.787000894546509,
    6.767303466796875,
    6.78901219367981,
    6.786767482757568
  ]
}